<?xml version="1.0" encoding="UTF-8"?>
<project-private xmlns="http://www.netbeans.org/ns/project-private/1">
    <editor-bookmarks xmlns="http://www.netbeans.org/ns/editor-bookmarks/2" lastBookmarkId="0"/>
    <open-files xmlns="http://www.netbeans.org/ns/projectui-open-files/2">
        <group>
            <file>file:/C:/Users/Admin/Documents/NetBeansProjects/Testproject/src/java/newpackage/ConnectionPro.java</file>
            <file>file:/C:/Users/Admin/Documents/NetBeansProjects/Testproject/src/java/newpackage/User.java</file>
            <file>file:/C:/Users/Admin/Documents/NetBeansProjects/Testproject/web/index.jsp</file>
            <file>file:/C:/Users/Admin/Documents/NetBeansProjects/Testproject/web/css/style2.css</file>
            <file>file:/C:/Users/Admin/Documents/NetBeansProjects/Testproject/web/welcome.jsp</file>
            <file>file:/C:/Users/Admin/Documents/NetBeansProjects/Testproject/src/java/newpackage/RegisterServlet.java</file>
            <file>file:/C:/Users/Admin/Documents/NetBeansProjects/Testproject/web/home.html</file>
            <file>file:/C:/Users/Admin/Documents/NetBeansProjects/Testproject/src/java/newpackage/LoginServlet.java</file>
            <file>file:/C:/Users/Admin/Documents/NetBeansProjects/Testproject/src/java/newpackage/UserDatabase.java</file>
            <file>file:/C:/Users/Admin/Documents/NetBeansProjects/Testproject/web/registration.jsp</file>
            <file>file:/C:/Users/Admin/Documents/NetBeansProjects/Testproject/web/css/style.css</file>
        </group>
    </open-files>
</project-private>
